customer_id,age,total_aum,monthly_transaction_amount,monthly_transaction_count,mobile_bank_login_count,branch_visit_count,cluster
CUST000000,47,253202.54126714467,17068.631793583714,3.3251856286130628,6,0,0
CUST000001,24,89672.23704793415,106573.28055925432,10.91328060916811,16,0,2
CUST000002,50,94971.20771416568,11140.706349735658,7.903799147176802,6,2,0
CUST000003,54,87859.78465910394,40699.93771126804,4.257888569738912,17,3,0
CUST000004,53,244847.74306890767,18143.26175907323,2.90876970653456,13,0,0
CUST000005,61,8767.301054201675,37564.38931240932,4.602605131884338,7,0,0
CUST000006,57,117775.65184706773,14289.301508205655,2.932020745521944,13,0,0
CUST000007,51,80793.06007103647,37575.3861712827,7.390123647127523,11,0,1
CUST000008,43,114116.587377901,65166.12171212438,7.310586872108052,13,0,2
CUST000009,20,1009371.9203113194,135862.6106720537,14.990230352285256,22,0,2
CUST000010,51,49306.821702418485,10565.464036967856,3.3560333721552573,17,1,1
CUST000011,48,388639.8918289776,25296.92422343878,9.056685295397182,10,1,0
CUST000012,49,170996.77390702278,29148.762658522766,5.3326273438941305,10,0,0
CUST000013,25,528506.2892493835,73712.06339140786,8.09800803079832,14,0,2
CUST000014,28,30724.3541915065,14793.850465447213,3.79213222552835,13,0,1
CUST000015,60,43152.524887070686,39989.12975559333,5.822417572237462,12,1,0
CUST000016,44,268749.5047376237,44192.26263637375,5.9934997792207705,18,2,1
CUST000017,55,229030.8615853174,79055.82241196258,9.872016956072184,7,2,2
CUST000018,45,12772.665432002172,33951.13487333627,5.588369698308953,12,1,0
CUST000019,45,87289.52249720326,46510.10897207355,10.062556660257622,16,0,2
CUST000020,59,264340.92788905255,124496.02584744018,12.830483309417184,11,1,2
CUST000021,37,179894.97475716216,30765.20483791536,4.731669441491511,11,0,1
CUST000022,46,60713.20674090092,39068.63375099742,5.169800776897545,19,0,1
CUST000023,38,8119.588398712457,15847.33289608816,3.860640422774034,20,1,1
CUST000024,38,151552.63871446575,21665.55887638373,3.082072336672117,12,0,1
CUST000025,40,17670.985037051203,7764.324158340281,2.338525800296927,8,0,0
CUST000026,48,11945.695819213312,19842.63181590933,6.189464276966485,9,0,0
CUST000027,37,6345.243397405725,0.0,0.0,8,0,0
CUST000028,63,135128.41941601277,16001.222189637205,2.8109045695113517,13,0,0
CUST000029,31,136184.33221725657,0.0,0.0,21,0,1
CUST000030,42,119447.754170942,20117.67839110653,5.873866607903747,15,1,1
CUST000031,38,600378.2155389367,47232.22174245946,7.393307864986732,11,0,2
CUST000032,66,283116.9705976336,49680.63007600912,9.945270000112751,15,1,2
CUST000033,47,753580.2351034975,61284.45950122969,9.616804758215237,9,1,2
CUST000034,60,14872.431270929645,8442.779244366226,2.333601867339447,11,1,0
CUST000035,22,104113.40752185875,57299.212806432566,7.702481634620745,14,0,1
CUST000036,49,15454.428715761467,33664.5506669182,4.078888252338207,5,1,0
CUST000037,58,119003.52577530804,24403.86930109806,7.3081925530768865,13,1,0
CUST000038,46,46694.615920705975,8076.366565814979,2.179511866943053,14,0,1
CUST000039,60,112040.26978021135,14692.987691940316,2.1139808005356047,14,2,0
CUST000040,37,62665.34616844927,22618.046547096797,3.1153190221013243,14,0,1
CUST000041,66,335044.7643977318,47828.79867386352,6.518940859274726,10,0,0
CUST000042,79,157283.3756150336,18785.49739478707,2.6294434415202885,4,1,0
CUST000043,39,1549652.0286567437,66761.42170972665,14.720497295227526,8,1,2
CUST000044,38,109206.30476702264,48346.46689336132,10.61700301801123,16,0,2
CUST000045,66,70093.79747445074,0.0,0.0,6,2,0
CUST000046,68,99553.24242532755,8261.029132188974,3.4256760649608964,8,1,0
CUST000047,37,34894.49074178339,14126.212545946832,1.9529695775283888,21,1,1
CUST000048,38,527080.1741142094,5189.936825643402,2.822613498714773,17,1,1
CUST000049,40,112766.28628597187,57360.02610829836,6.076189901785212,14,1,1
CUST000050,24,51015.70167150047,32863.70819453028,3.893722754153921,18,0,1
CUST000051,31,93430.6763362418,38831.53540558383,4.4544084075204,14,1,1
CUST000052,29,245625.8209847394,50023.1737764508,5.461033646973621,19,0,1
CUST000053,33,127841.14898538929,19767.2890202421,4.226087133847078,17,0,1
CUST000054,44,56733.48301413004,42355.60264004775,4.913468284469737,11,1,0
CUST000055,48,949759.62599465,37639.82810150656,15.537265132762146,10,1,2
CUST000056,68,76301.08581271578,3468.66161824551,2.9031895338435216,10,2,0
CUST000057,30,155104.8790175033,71463.03547790388,8.86195878264311,19,0,2
CUST000058,59,114956.1639473611,0.0,0.0,7,0,0
CUST000059,41,15230.10216563791,38739.08709979005,3.9143351785131633,15,1,1
CUST000060,44,125822.16069388132,38233.821480820334,5.405473502526152,12,1,0
CUST000061,55,52113.695172445085,75179.83947690504,9.6619176940718,11,0,2
CUST000062,28,204484.58833134337,16889.35834041765,5.257822009779558,15,0,1
CUST000063,50,68594.06382106486,76622.17414452533,10.845642959228725,10,0,2
CUST000064,47,155613.91213169385,11634.717526467415,8.376450529665034,12,0,1
CUST000065,52,180924.13274901605,56120.84330275377,6.571195312402656,18,1,1
CUST000066,49,184204.30799047445,8094.057702511618,3.2035160943563885,14,0,1
CUST000067,80,76981.21024291345,7632.000880298095,1.0488960135332617,7,0,0
CUST000068,35,85518.3046917128,12015.794178181231,3.9783123085097736,9,0,1
CUST000069,37,67287.35475039111,4668.223910201295,2.8886120559517323,17,0,1
CUST000070,35,260676.3010737002,29907.604047177003,5.607560340942801,13,0,1
CUST000071,36,89242.89320359328,12513.686797068707,4.958712291745087,13,0,1
CUST000072,35,31837.465464305133,34887.017834109734,4.61163737807835,17,1,1
CUST000073,62,232935.3242274316,14245.996153053558,4.539699114169382,9,0,0
CUST000074,66,81021.95817375722,25074.090203632903,6.142218565588027,16,4,0
CUST000075,36,57885.79139571208,35675.966141167446,5.841860026468285,14,0,1
CUST000076,32,35337.02180567418,51350.67876105791,14.405271105735912,9,0,2
CUST000077,52,55412.21127914838,4264.508758618822,0.9687897261840296,13,1,0
CUST000078,36,82681.41139403856,34060.86942445777,4.083745294950369,8,0,1
CUST000079,54,229051.92792515227,19527.04058362896,7.473353528920742,8,0,0
CUST000080,48,310039.0154583756,7178.630754681697,4.126090199775396,10,0,0
CUST000081,22,152110.57945930708,22900.21586286281,5.789871481128656,21,0,1
CUST000082,68,123675.7514794181,37176.254923322194,7.713890753127543,13,1,0
CUST000083,71,88396.79466497833,17111.768619324037,2.9082192219264864,7,1,0
CUST000084,35,129640.65807079928,17627.843273480034,4.050689263927006,14,0,1
CUST000085,39,213751.66215415677,30881.37339606932,3.808187392719354,15,0,1
CUST000086,49,88316.16721064788,4141.971090629538,3.059344400697866,10,0,0
CUST000087,50,93635.03309708853,51400.42788837853,10.52013863784597,13,0,2
CUST000088,54,28839.413745950173,12509.562885900388,2.817276711195698,15,0,1
CUST000089,75,35280.492418434034,50275.37671999977,7.362896439818138,15,2,0
CUST000090,42,291431.54027102026,85977.54882784779,8.866876769554745,12,0,2
CUST000091,33,192098.8166263487,21471.670004296397,3.838765674699109,13,0,1
CUST000092,24,266639.87841197336,130658.83147669128,13.222046594755133,19,0,2
CUST000093,34,94762.327360461,12661.065376609316,3.403288464531613,16,0,1
CUST000094,44,244491.23678674723,6897.222306567721,5.397676550052526,16,1,1
CUST000095,71,36896.85165608172,7973.632097406882,3.2010168230063067,7,2,0
CUST000096,37,155635.06786347047,16132.488105245273,3.540836078289028,13,0,1
CUST000097,48,143997.01322998773,38215.85016597038,9.933922194297356,13,0,2
CUST000098,44,81465.9130695424,19634.648958614864,10.480268656368915,9,0,1
CUST000099,62,162428.86245999197,24343.57166063663,4.974226663901542,12,3,0
CUST000100,80,225466.49603799864,28027.55551697122,6.932294024818592,8,1,0
CUST000101,37,111227.95507174796,11703.795585648668,5.563769678550885,12,1,1
CUST000102,37,116898.940832133,9355.713537483658,2.5526808307517004,14,0,1
CUST000103,60,74942.10662320832,62199.25649363197,6.928021783443679,10,0,2
CUST000104,55,1630932.8745450403,12230.511315624495,3.2891513667845693,16,2,0
CUST000105,72,391368.0989953333,29710.899642612865,4.001145282167479,12,0,0
CUST000106,53,308389.1155805666,58760.35431372564,9.0283541560098,11,0,2
CUST000107,39,133913.09700903654,11690.388255223126,2.4130608820843715,9,0,1
CUST000108,53,163923.83867168915,11529.018869933969,3.658576554127112,13,4,0
CUST000109,61,251270.5455299256,28876.58030296565,6.682642033964791,6,1,0
CUST000110,57,122927.73401194684,35164.68328932999,5.556150765083364,10,1,0
CUST000111,52,132594.11357487593,23171.8394203262,5.57446999112574,11,1,0
CUST000112,61,71786.15626775147,9061.91534151348,3.0885158911343917,13,0,0
CUST000113,62,3268.01657733003,456.6287785467263,0.2229453371710822,11,3,0
CUST000114,65,184774.5239312829,98189.523771666,11.010383262121302,11,2,2
CUST000115,54,110209.26080991994,21567.29274857158,4.345776541218984,10,1,0
CUST000116,42,735981.8449041974,65942.21792776517,9.950726242121895,22,0,2
CUST000117,47,152609.06544989452,43111.00424441031,7.96332600532341,18,1,1
CUST000118,63,23704.04161665457,28495.28014267777,3.218678704510324,7,0,0
CUST000119,32,74049.1329272223,38420.64886861927,6.487329490346915,17,0,1
CUST000120,50,52584.13024380077,71105.44570568907,13.348039872971633,9,0,2
CUST000121,39,192250.52078759973,46678.99167067307,5.007718479294425,12,0,1
CUST000122,45,80093.29040680204,40104.98803717329,5.363632629971894,13,0,1
CUST000123,64,234053.4388021291,7483.020383616271,3.7341368284796936,15,0,0
CUST000124,47,35294.50174200265,15177.8126986257,5.83910216372484,12,0,1
CUST000125,45,123890.7337627885,27995.59905368746,3.463042154873244,14,0,1
CUST000126,24,22935.54828264214,64600.31102307675,7.579827975362797,23,0,1
CUST000127,56,362256.2345246335,63125.559702783416,10.687079602316256,13,0,2
CUST000128,54,150894.5139479917,32618.81144254055,5.445456253198023,10,1,0
CUST000129,77,98302.52780641544,13042.050278324234,1.9502432606233355,9,0,0
CUST000130,40,149927.8958584853,41567.36361023322,8.393984516746112,16,0,1
CUST000131,48,271953.1749275787,63992.51919924695,8.985451723199828,12,2,2
CUST000132,48,893544.4825707478,7319.615954018343,3.703638092960861,10,1,0
CUST000133,68,112554.91049448495,98014.99738455626,10.155402116053317,10,0,2
CUST000134,43,137556.8223627119,33552.98253234009,4.328638831706214,11,0,1
CUST000135,49,60626.416292137335,60258.22989663989,9.0199263558393,5,0,2
CUST000136,54,45230.445103016806,11244.304517454322,2.9229532516146515,13,1,0
CUST000137,47,99039.93198757657,4768.361435971661,1.947383251450742,11,1,0
CUST000138,38,451451.9750260352,32681.669122932555,6.977170021452843,8,0,1
CUST000139,47,46338.07126563329,31390.374868016555,4.5138789514717566,10,0,0
CUST000140,61,94582.77454972024,29356.358624674594,4.379331761600096,14,0,0
CUST000141,29,39859.44841032807,23893.348703672546,5.376818912017495,22,0,1
CUST000142,46,87687.44950823799,62359.71158482686,9.564992694572954,19,3,2
CUST000143,34,80416.2424839979,34567.71558521074,4.1529093606117575,16,0,1
CUST000144,62,17415.338489741014,5038.867958004847,4.074898050093782,13,1,0
CUST000145,22,215548.14552170876,43492.82633184289,8.60291899139356,16,0,1
CUST000146,36,30778.685552089963,47157.68975962303,6.025004151785295,13,0,1
CUST000147,50,308104.4775658895,62646.18850105392,10.59053404240941,13,1,2
CUST000148,68,16814.575904678142,23778.401522618467,3.4645803351402225,13,0,0
CUST000149,44,292181.6165586537,19374.97823228455,3.4291465605773697,14,2,0
CUST000150,36,293090.0971945659,54320.37208715612,5.472053844826525,14,0,1
CUST000151,73,219804.2823893775,10049.041878154883,6.737116825513563,11,0,0
CUST000152,23,33224.29240563707,28866.942258710274,5.326590428805416,15,0,1
CUST000153,18,153690.38492579578,12003.253944762546,6.585248065699136,11,0,1
CUST000154,51,27512.863099689363,16088.212364374349,6.598749000193637,11,0,0
CUST000155,37,69752.0334742947,26685.96975469798,6.00042695856656,10,0,1
CUST000156,29,301703.4215116964,18222.02356524995,7.592950135600499,17,0,1
CUST000157,55,132813.60088337338,37648.24767372952,3.892022084206095,12,0,0
CUST000158,48,151975.35893462392,52864.35807303774,5.552332577851038,7,1,0
CUST000159,36,56471.09289054733,36959.1324852484,9.182423241354078,17,0,1
CUST000160,25,285466.06633626303,48115.31979602767,7.120042382379621,15,0,1
CUST000161,58,122091.79004726454,33916.9689200293,5.843944737752325,11,1,0
CUST000162,54,17646.569668936536,83426.08823323078,10.002788872667828,13,1,2
CUST000163,43,327394.3079619697,69869.27629360193,10.511383488266413,13,0,2
CUST000164,72,146101.6509781428,8687.081318888291,8.667388229169202,9,2,0
CUST000165,28,199277.03036093496,7703.997666247415,0.9790849143726202,13,0,1
CUST000166,22,30037.281004013166,51506.21130490275,6.670377974900145,27,0,1
CUST000167,34,6245.315356221949,25518.803919387283,4.567120188271209,8,1,0
CUST000168,44,118723.07584379472,39129.07021787952,4.287520198639063,13,1,1
CUST000169,48,160285.336209419,32930.88154252244,3.5887995483537685,9,0,0
CUST000170,41,27601.32628258932,64329.10451997934,11.255782339065131,13,0,2
CUST000171,50,29256.7243515909,28250.46266664831,4.365099662337529,11,0,0
CUST000172,26,1412233.217825342,79728.09388414753,7.997843721112519,22,0,2
CUST000173,66,110269.22094163236,17927.23625898086,4.8591432680125095,6,2,0
CUST000174,43,124362.87426684574,21897.411339194856,5.583859037961914,11,0,1
CUST000175,61,31236.42537002928,9717.25283407586,3.673868039320388,13,1,0
CUST000176,50,9624.443753235504,12538.709537644274,1.383535567885516,12,1,0
CUST000177,51,75750.99520554123,19240.10038021502,2.4985859955336087,9,1,0
CUST000178,53,59680.4457697122,7060.259643451031,3.619187828375861,9,1,0
CUST000179,51,80279.44919930825,56137.66790864767,5.70742207082893,13,2,0
CUST000180,54,133472.3869854192,68281.54845374198,9.009718094973628,9,0,2
CUST000181,64,233954.17932466464,30445.48127015492,3.517797824954914,18,3,0
CUST000182,47,77292.18708701702,5614.567360573463,3.917075061441715,7,1,0
CUST000183,55,25373.45785121248,37574.471568992165,6.776709673189544,16,3,0
CUST000184,43,194722.73854196852,33110.44028001322,4.543528602623093,14,0,1
CUST000185,66,8523.89133212979,16370.547008687225,2.7810232639073336,16,0,0
CUST000186,34,7705.137111398947,40207.988134341176,5.744140110251943,18,0,1
CUST000187,72,225701.1729203698,31650.36116922233,3.7855359723150857,6,0,0
CUST000188,44,149116.83128199747,15358.858842410196,3.5153904423342985,10,0,0
CUST000189,23,56534.40302502027,55503.67170505712,6.425510017154876,25,0,1
CUST000190,46,29664.273130736576,8995.54370280015,3.64746564559304,12,0,1
CUST000191,34,53097.00083729616,21250.495078854347,6.181108995512522,16,0,1
CUST000192,57,92078.83883042594,5418.306305654864,3.897752010638074,15,1,0
CUST000193,35,21848.612477380502,24248.46322826449,5.665738871400494,20,0,1
CUST000194,38,71486.36947897445,28310.208842224136,6.406204550103585,11,0,1
CUST000195,18,114958.94437588374,31012.98381499465,3.760318499676796,17,0,1
CUST000196,38,249522.74798077092,43605.67604562869,6.339715040573286,22,0,1
CUST000197,18,78724.71516812524,26733.93735047665,5.422152105696494,22,0,1
CUST000198,21,191367.98230489844,41704.43663050739,6.071375737776608,18,0,1
CUST000199,56,8830.261688119923,4788.801611456622,3.246534767911951,14,0,0
CUST000200,56,173670.71612635502,13191.195657035682,5.030115625540193,22,2,1
CUST000201,51,26797.170572501545,19858.909862217435,2.989660231553141,7,1,0
CUST000202,30,122126.26222592486,32024.841938808582,4.728797520198234,14,0,1
CUST000203,44,116837.37780481752,90059.89190060261,11.303815275698772,11,1,2
CUST000204,44,560567.3874523027,58462.15871223484,12.635008885125076,10,2,2
CUST000205,27,49946.69082937975,30545.07866640508,4.071055860485033,7,0,1
CUST000206,67,201872.77726853685,40210.013566522415,5.619201817264413,6,1,0
CUST000207,58,113185.49138699772,78352.03431019958,8.102136077837615,9,1,2
CUST000208,41,76661.86218324592,7615.219664704923,2.593587693980447,19,0,1
CUST000209,45,74728.08081062416,29094.188435613814,4.877388482602946,7,1,0
CUST000210,48,38553.108204497534,22275.173646709434,3.47188128824713,11,0,0
CUST000211,18,59035.90127959114,65643.15539707932,6.572313411290317,15,0,1
CUST000212,41,56238.21448672183,12293.016374238134,4.373715879164599,16,1,1
CUST000213,34,190523.52948543945,56434.29556802606,9.885210970330156,8,0,2
CUST000214,29,65153.75034650243,13205.454968338476,3.2085813792959854,15,0,1
CUST000215,40,239373.70153712717,36015.568525820694,6.282110215289448,14,0,1
CUST000216,71,226154.5115677852,4898.692254354365,1.5857697067617822,9,1,0
CUST000217,54,20939.16647366611,3020.840726996468,2.1146773589844075,11,2,0
CUST000218,36,285477.8383723834,33169.07249457717,5.3906374563972745,17,0,1
CUST000219,53,36563.68279684315,25416.87729604645,6.318380140654074,9,0,0
CUST000220,65,107780.91577285416,7362.844971735333,2.7916289738162705,12,2,0
CUST000221,58,278181.6277516379,36095.47590211493,9.218800289387422,8,2,0
CUST000222,45,8854.517930280079,8768.930634152513,6.074678300668027,15,1,1
CUST000223,35,65708.21577677382,60170.01543110031,6.297900430858731,13,1,1
CUST000224,55,112433.38313300928,40910.69208703066,6.566375132478955,11,1,0
CUST000225,50,28035.721448147266,18785.10777217286,2.254325252489481,9,1,0
CUST000226,58,577892.4528297498,4049.65427403711,0.8422630108664976,13,2,0
CUST000227,54,46713.38257922472,31045.833431139825,3.400482440817162,12,0,0
CUST000228,60,34751.82387925061,27548.17405164674,5.149322315987044,20,4,0
CUST000229,36,64582.25360316304,15947.505120771615,2.586567948647564,13,0,1
CUST000230,64,356540.1142570671,45843.08596306935,8.44855399744954,8,0,2
CUST000231,47,77949.50483293705,19551.601303692107,2.572746800113892,9,1,0
CUST000232,76,249879.68228508785,17168.53790137159,2.814558382497786,10,4,0
CUST000233,34,183278.53555078385,21213.86181010096,6.158959899177634,9,0,1
CUST000234,71,8814.496236299767,5016.534126070159,2.171795384530656,7,5,0
CUST000235,47,70522.01552856281,28615.57424288191,4.433004569956877,18,0,1
CUST000236,35,85344.2735741053,42803.08037920244,7.92265292044375,19,1,1
CUST000237,37,241748.1317603268,22222.149264871718,11.923153011250015,11,0,2
CUST000238,40,4338.0618266536585,22454.226693927063,4.923570903272347,12,0,1
CUST000239,51,1915138.3828901271,45506.45385238179,8.078564251196486,11,1,2
CUST000240,52,203653.0878416071,53446.76853825156,6.331025937821486,5,0,0
CUST000241,36,69485.73814286779,10017.015377891636,5.945135547652408,17,2,1
CUST000242,44,585475.7274690671,25750.236077389374,6.225189580525566,15,0,1
CUST000243,77,623843.0247555864,21505.460927993397,2.5589842651543724,5,2,0
CUST000244,70,185927.2801023167,19884.8500584462,2.9089214579044067,2,1,0
CUST000245,51,154633.50256412957,14716.097515949115,4.076904924747835,9,0,0
CUST000246,45,170583.59628486334,147053.59291127927,17.08333154046548,8,0,2
CUST000247,46,155918.16032943953,52471.12811638758,9.64606235950895,18,1,2
CUST000248,54,66969.40959462184,3869.390914388269,0.7054280934407406,18,1,0
CUST000249,29,26209.782771581624,38702.39347198147,3.9535460771317306,17,0,1
CUST000250,41,54218.23474210773,9622.886097615425,1.0103776842574608,15,1,1
CUST000251,19,31026.32188378234,20364.051191376475,4.817847869358236,17,0,1
CUST000252,50,99899.02593783585,1858.1617614230115,0.8203036324377145,10,0,0
CUST000253,54,19992.63206028888,9729.943806111916,2.4751824839759893,10,2,0
CUST000254,37,94209.92242454928,2321.173747744384,1.821457954880537,12,0,1
CUST000255,68,103928.25214877834,4244.81931670973,3.5763586206796725,7,4,0
CUST000256,26,69350.96207451448,23715.55138579849,5.201121874268068,24,0,1
CUST000257,23,46176.795752041806,56799.3453213512,5.998339338047286,9,0,1
CUST000258,48,3896045.64231273,69473.92340705926,7.857071445495234,18,0,2
CUST000259,60,349962.40320746554,8673.32715023107,1.547983149713815,10,0,0
CUST000260,70,51744.311820971445,44024.20169370749,7.232451286211364,4,1,0
CUST000261,38,188935.09442135412,17142.830508672996,16.273786381791588,9,1,2
CUST000262,61,81493.99283258975,23602.583360629134,8.029426716954069,9,1,0
CUST000263,44,65129.47964074952,8725.649666745325,7.134819378347573,12,1,0
CUST000264,42,39191.63698310873,29396.48466337354,3.773203540108833,20,0,1
CUST000265,58,184492.4594281177,5297.267820414071,2.2923835621056496,6,1,0
CUST000266,54,30291.419450196063,39596.022298338896,4.488620277989529,11,0,0
CUST000267,21,157601.66546559977,52889.37533702469,7.789397298422639,13,0,1
CUST000268,67,485237.8699532916,21322.764664229497,6.95738276029938,9,1,0
CUST000269,65,236549.88270722143,10379.226931773315,4.289853476617779,11,2,0
CUST000270,35,38295.142598988125,40520.61814911296,6.094588663651761,12,0,1
CUST000271,50,240784.19203486756,87622.75408526497,9.620910052434937,12,3,2
CUST000272,52,338089.693724426,42892.013442537136,5.745562382784882,12,1,0
CUST000273,48,55898.1706387645,18141.363959958304,4.38523455963925,11,0,0
CUST000274,36,49812.17482389939,19519.747186895624,3.10504972870158,11,0,1
CUST000275,34,538911.8703498121,18351.961646526757,4.833463589679556,15,0,1
CUST000276,44,225507.3799409376,97307.17049496848,9.738170546870178,8,0,2
CUST000277,62,339279.67267345864,87970.0155540775,11.366291956092246,14,1,2
CUST000278,53,65789.44670620182,23937.07444643838,3.666025518947693,18,1,1
CUST000279,39,44223.26404024945,52194.18170286222,10.852687776808352,10,0,2
CUST000280,56,67757.972430367,38672.89024440428,5.89223015560292,10,0,0
CUST000281,18,132226.1964499339,59486.87558623345,14.599637990957808,14,0,2
CUST000282,62,20656.389990949192,5710.354208227382,4.5328058022420565,8,1,0
CUST000283,18,59287.584257307455,31509.878956127883,6.9164365801839,23,0,1
CUST000284,39,27661.18770681285,129608.86480919746,13.825937542782516,16,1,2
CUST000285,28,19534.79625181264,19123.975020801718,2.881544537050769,10,0,1
CUST000286,25,292787.3861788419,8214.648222097194,4.6791080029249645,13,0,1
CUST000287,62,164268.18217373118,30403.57669083191,3.391385568967251,7,2,0
CUST000288,37,80924.37982381732,2155.335992391737,0.6302384873566196,14,0,1
CUST000289,50,28130.226557306018,19064.64725308658,5.969033286684819,7,0,0
CUST000290,44,21431.05781104301,23511.080989386173,6.399630136252159,22,1,1
CUST000291,52,53588.83475370643,19971.93365381541,3.2239731340681392,9,1,0
CUST000292,46,285161.00327673723,42225.531737882455,7.154210795220688,8,0,0
CUST000293,25,196931.24877363432,27645.427118930616,5.09807030218359,17,0,1
CUST000294,59,72883.34622676192,27026.20777790105,3.62386932362426,11,0,0
CUST000295,37,18892.25963452513,18807.52200239854,4.886543489701371,11,0,1
CUST000296,21,117396.07416248917,53592.78334824044,6.666945992994701,12,0,1
CUST000297,38,65693.53259849826,22078.988489563635,8.5647350209288,14,0,1
CUST000298,67,53487.99254308237,34896.487808057376,4.338423562382021,18,0,1
CUST000299,57,292915.764914028,29997.009493102287,4.301083754602942,9,3,0
CUST000300,39,410744.94013925537,49260.41589793567,6.890653057023607,9,0,2
CUST000301,39,91157.00027999152,37230.67797490089,6.979905055403457,12,1,1
CUST000302,40,33564.63223280605,14392.155735959856,2.055137424979524,5,0,0
CUST000303,76,133143.5611722412,4468.042837393753,2.6004609243128054,10,2,0
CUST000304,50,173278.82664758616,48059.57419441409,5.547067841720749,17,0,1
CUST000305,51,41124.78804915548,4211.106460174757,2.807544494238812,13,1,0
CUST000306,60,346826.2448077793,9198.887022472549,3.933377905474012,8,2,0
CUST000307,48,327161.8879730016,30900.293254083423,4.99107693907844,12,0,1
CUST000308,41,632148.7521139793,22338.47139105263,2.9182675149933948,9,0,0
CUST000309,42,146243.7152371734,7204.460775957314,4.272439213514498,12,0,1
CUST000310,43,269327.241848485,75737.9387621149,8.155366670871949,11,0,2
CUST000311,44,369406.298209908,32714.13944079883,3.3510108948484563,15,1,1
CUST000312,55,234142.3795557141,92963.56865397978,14.405024556152323,11,1,2
CUST000313,45,72541.42614554708,15741.51031051928,2.9527191991426918,15,1,1
CUST000314,55,49703.0425211133,40337.65436697616,5.257395441101825,12,0,0
CUST000315,43,228015.1247688434,29003.80767713727,7.333052461253627,18,1,1
CUST000316,46,29650.23241332624,12915.542161841697,2.3744512026727267,21,0,1
CUST000317,18,129706.8024512237,107806.50816955292,11.66060780933471,21,0,2
CUST000318,58,537755.5709943069,87074.28570478098,9.069388947036002,9,2,2
CUST000319,50,10038.783865180034,51135.91787019594,5.472815320105086,8,0,0
CUST000320,59,833254.4948064641,38787.208389352425,11.536832914260396,15,1,2
CUST000321,18,459854.28685502114,75433.82290671827,24.39470337890925,12,0,2
CUST000322,76,68051.63600917325,10928.615328757263,2.970555340056045,6,1,0
CUST000323,42,309280.25425849995,32147.23899654885,6.465915548134634,16,0,1
CUST000324,61,60062.90609556819,15596.961914335056,4.074966570976949,13,0,0
CUST000325,29,614523.6274375832,39418.24898015404,9.024499680357774,12,0,2
CUST000326,54,319921.3052152175,34294.99501737344,5.207468517375389,11,1,0
CUST000327,29,26574.72730227477,19104.29884926129,2.4297281213412423,16,0,1
CUST000328,35,269292.42376542976,140967.9350135364,18.499671261121662,13,0,2
CUST000329,73,97491.38819859506,31868.985046172165,3.8258948280440848,17,2,0
CUST000330,42,162612.16721100392,3704.2969061978974,2.8723058573575004,17,3,0
CUST000331,48,72266.70793273882,8398.045209240872,5.874385200406892,10,0,0
CUST000332,58,343910.6172855855,38700.00273094396,4.775156703524072,11,3,0
CUST000333,52,423518.53221597214,66500.84842592195,11.470193455254938,8,3,2
CUST000334,47,51431.98329013827,12642.78685804861,2.038085538794941,13,0,1
CUST000335,50,15762.506507022892,7573.907714864043,5.140841360692718,12,1,0
CUST000336,80,101785.00777588176,3645.1518962728464,1.1053202546761534,7,2,0
CUST000337,44,92457.3416790642,27967.86148743013,4.146342311389801,22,0,1
CUST000338,48,190326.55299095408,103460.03611927052,11.847513642098518,20,0,2
CUST000339,60,209637.01723230255,25240.647314930968,2.7278779778558278,11,0,0
CUST000340,61,395747.6386086269,15085.267643357049,2.7408944543790823,8,0,0
CUST000341,62,205239.586475578,21266.582028219134,3.59885212307348,14,0,0
CUST000342,54,124532.31366478709,24479.67656795792,2.8808273227140733,13,0,0
CUST000343,27,37309.07977691192,75281.90265520946,12.893780468191244,15,0,2
CUST000344,69,64001.75176661568,11133.346390850991,1.9699017526939664,10,2,0
CUST000345,27,311102.0911979134,32543.966762411997,3.558368007314613,8,0,1
CUST000346,49,170602.12331851292,12585.394892209648,1.551952480360971,10,0,0
CUST000347,33,198042.6220091955,47558.14001920064,5.179692739439877,17,0,1
CUST000348,44,78357.60830104123,11925.792919154002,4.02324350616425,11,2,0
CUST000349,49,27793.359824810865,12152.633583014778,2.124816833401085,21,0,1
CUST000350,49,52926.31467072547,37452.53982086032,4.363953916302689,15,1,1
CUST000351,51,146801.13223932832,11147.383656655642,5.57277107501774,10,0,0
CUST000352,69,31079.76615673042,22719.56876867018,2.787007109028881,11,3,0
CUST000353,51,85141.97362454885,11576.146190031312,4.373703780718719,11,1,0
CUST000354,41,58502.65927553155,81679.90933634079,9.872988048523183,12,1,2
CUST000355,59,366734.0108256243,11973.77003299136,1.839851645405876,15,1,0
CUST000356,62,80284.42390342505,16974.23239329024,6.1969567161623305,6,1,0
CUST000357,26,332741.0402732878,22201.31802829624,4.220632353345649,19,0,1
CUST000358,53,828490.0774133977,69379.04418938376,9.720837901729634,10,0,2
CUST000359,55,138032.54465271637,65757.08868296669,9.807645831687148,14,1,2
CUST000360,40,21841.15400353589,20586.0458665571,4.248728771191647,14,1,1
CUST000361,65,11154.153629844106,36730.35878833078,4.0388335325775255,7,1,0
CUST000362,42,34346.44019158273,54834.73742206942,9.66528366079369,13,0,2
CUST000363,46,22734.30470499937,10097.028666796918,1.818365207857958,13,0,1
CUST000364,42,475259.7653808628,5952.686128161177,3.8152000457998447,11,0,1
CUST000365,45,168066.55137856182,59675.25903991699,6.41732693199619,9,0,2
CUST000366,28,220994.97793510417,21572.3205901174,8.316080231307803,22,0,1
CUST000367,23,19500.419940554064,29459.599483090624,5.11886639885919,21,0,1
CUST000368,68,32526.81924906944,37017.96242914053,4.496777808765077,7,0,0
CUST000369,32,363440.3663066929,47259.843360695566,16.07981120608458,13,0,2
CUST000370,30,79759.73741032231,39971.71164764865,6.956005951996818,14,0,1
CUST000371,18,51678.37638760205,26741.37666029183,8.4459854620896,16,0,1
CUST000372,35,210657.64078332097,32095.07807983083,4.095193809684503,14,0,1
CUST000373,25,399577.1214957317,23792.63483992543,3.913860646529324,11,0,1
CUST000374,69,72000.08975330624,18279.021314923288,2.100123802889712,9,1,0
CUST000375,60,64175.051142279786,39839.801215947926,4.401690892140111,11,1,0
CUST000376,34,145182.10054511784,35806.65034554932,5.235961062036767,8,1,0
CUST000377,78,851260.864824736,18969.535254296272,2.519689419937637,9,2,0
CUST000378,59,9537.703384165266,32027.383335871,5.389110932757387,10,0,0
CUST000379,40,296414.39776001376,46640.25962048113,10.457788873735236,9,0,2
CUST000380,18,106760.67560956896,25428.601441711064,3.7214068919538894,14,0,1
CUST000381,79,137191.90494184822,17023.218101327042,1.8554729942815915,5,3,0
CUST000382,24,55849.40276619447,32043.505119502443,6.7458257944187885,12,0,1
CUST000383,20,142532.55389916996,59680.45480831817,15.583624551680227,29,0,2
CUST000384,60,158542.00356854324,19208.20744358071,4.272352325158357,11,0,0
CUST000385,80,3365883.131765963,43252.88643604009,8.793777495744163,11,1,2
CUST000386,65,241789.51508811084,8934.361284165612,5.375509315450844,7,0,0
CUST000387,53,51281.3071918016,24847.058641983,4.529195185670175,12,1,0
CUST000388,53,39192.485774481545,13941.294457177077,2.5585857843984865,13,0,0
CUST000389,57,95118.29661824272,21877.55109868461,3.4748364657432385,15,1,0
CUST000390,56,24850.85802863902,26672.915886180555,6.253350034756444,8,0,0
CUST000391,49,129123.17812944144,68702.06912904602,10.54041156638835,17,0,2
CUST000392,46,249191.327115299,64720.7154450861,7.268767093244056,12,0,2
CUST000393,44,25115.312252899108,48169.06629816069,5.018008899186575,14,1,1
CUST000394,33,427099.96843525686,89002.25593858598,14.234644441617196,21,0,2
CUST000395,40,97516.29986193188,5614.12450704431,4.058446524861956,17,0,1
CUST000396,19,86195.99265905503,134812.0367991118,13.865094916010325,15,0,2
CUST000397,43,129931.295624182,85036.72437002062,11.56528176658056,13,0,2
CUST000398,30,740153.2508743926,8375.769505850329,2.081622896589887,12,0,1
CUST000399,28,374055.7397939423,19788.17599685865,8.513169686303838,22,0,1
CUST000400,47,120804.7440269598,13118.086189557767,5.726502637901264,7,0,0
CUST000401,65,118019.76800855136,18104.01378621408,7.213617672655069,11,1,0
CUST000402,58,96961.9757989386,2646.882456655604,1.8770183306626564,13,0,0
CUST000403,21,89727.01505914389,2778.371401568608,0.3046664418287269,19,0,1
CUST000404,30,10945.849282118785,25042.562056319948,4.268438509395987,13,0,1
CUST000405,59,692208.866072456,25171.683075563,3.448348316090692,7,0,0
CUST000406,30,209805.7303295381,54642.64584838003,6.464308200686618,13,0,1
CUST000407,41,133734.58064706743,38220.29516419561,4.70469118790983,12,1,1
CUST000408,53,56505.44307602324,41406.7059546716,4.629835590738658,6,1,0
CUST000409,30,43059.93698023856,61544.88714583164,6.3413743414524655,20,0,1
CUST000410,46,64630.37519515785,1198.574111097688,0.2420562061136986,16,1,0
CUST000411,24,30239.2482243888,48027.14663986624,5.027431185293571,17,0,1
CUST000412,35,1050601.234932094,31324.210716748825,4.171216968126003,12,1,1
CUST000413,49,31359.5669845918,8142.310140030423,4.976920472280691,14,1,0
CUST000414,21,32000.24456026641,46502.27253298301,6.5165301495390775,20,0,1
CUST000415,51,38551.13402746243,33716.194137792736,4.695554517645148,13,1,0
CUST000416,44,434183.660921149,33320.76192970356,3.640521139813437,16,2,0
CUST000417,53,182247.56480267883,29148.116583020885,6.690889013085321,8,1,0
CUST000418,48,31308.6867155416,18200.893843172147,2.905539999788345,10,0,0
CUST000419,65,209889.8945969788,4714.678373572641,4.248652366537603,13,1,0
CUST000420,46,248736.1082786551,10584.269349890978,2.6535788365975086,5,1,0
CUST000421,38,256459.41093193236,19234.274868194378,12.328133934297616,17,0,1
CUST000422,46,367451.46828975,51832.20675668837,9.09838688014249,14,3,2
CUST000423,53,1640731.3285691747,63189.69312107146,7.561263006358127,15,1,2
CUST000424,45,958266.8430164172,8955.757432268027,3.1335923203800067,10,2,0
CUST000425,45,45195.362685561486,11181.182055394933,1.9455788360209847,9,0,0
CUST000426,34,759317.8357746638,20173.05893093409,7.113013415508305,10,0,1
CUST000427,35,219577.1480792989,17202.719501403884,8.245973899225431,16,0,1
CUST000428,23,295879.6624319005,3138.6485387941525,0.5605759464322436,15,0,1
CUST000429,71,27557.221405923137,9305.25655660582,5.434241833410193,8,1,0
CUST000430,26,65642.49133965022,44774.4269378851,7.122663325494092,21,0,1
CUST000431,34,26560.39325221185,7549.991596646852,5.889058378433036,14,1,1
CUST000432,34,137044.20471143685,7542.350643188818,3.847284718576305,23,0,1
CUST000433,58,524233.6647853146,43644.13441009608,7.335176539435856,14,1,2
CUST000434,40,7521.445723892093,22122.40244125038,3.4989037750404006,9,0,1
CUST000435,63,105424.65444726088,4475.299455750088,3.549339382669832,10,1,0
CUST000436,34,330925.3729905428,47786.1969564843,7.757007021588541,11,0,2
CUST000437,49,74517.26673694843,48022.638234362,5.6189680602523,14,2,0
CUST000438,32,310318.47160411585,88821.36571977046,11.841513678315591,8,0,2
CUST000439,77,212661.3342960076,9278.916699503465,4.255083985746517,10,0,0
CUST000440,27,252779.4177016221,84787.51251389761,13.389746178932736,12,0,2
CUST000441,49,91293.25645751004,9287.037292418005,1.3172593387756542,14,1,0
CUST000442,54,35474.39247439997,4561.200415177966,3.4164227073738465,15,2,0
CUST000443,51,29258.779477006552,42379.58125931924,4.872264043321841,6,0,0
CUST000444,42,219068.37602431228,52220.28083720451,5.703141336724043,13,1,1
CUST000445,43,91575.89523974736,47732.38248883134,5.51559901297539,17,0,1
CUST000446,45,156388.72974781186,80026.40756444781,9.50242434331296,6,2,2
CUST000447,42,39187.376963292336,31246.54245733399,4.055524036812366,16,0,1
CUST000448,59,44126.29554153472,28907.13535764064,4.313925877153614,12,2,0
CUST000449,78,307029.2992740576,11436.371922936203,1.6090245177902476,10,1,0
CUST000450,36,42819.80114388074,25697.575073024247,3.1120067450086903,15,1,1
CUST000451,24,23491.651808013485,37812.409339833874,5.430877514095829,10,0,1
CUST000452,43,125951.4476473179,18370.759911648634,4.651363898313221,8,2,0
CUST000453,80,146346.9753694655,5912.533936329729,1.3487696428707072,9,3,0
CUST000454,32,154459.40614625823,105109.20052079212,11.584173813322112,17,0,2
CUST000455,69,597629.0286222604,4608.003199193075,3.99272862106166,12,1,0
CUST000456,70,117311.33038619543,21192.121451303832,2.907257715040445,12,0,0
CUST000457,36,159904.31013966358,87910.2009182504,9.163996612573904,14,0,2
CUST000458,53,23943.227187227338,20584.29700210263,2.7982799362746134,10,2,0
CUST000459,69,86518.81749461085,25951.75804948517,2.609473660668019,11,1,0
CUST000460,39,165213.0535042217,27536.704323136764,3.83097823084848,14,1,1
CUST000461,41,25280.116249283208,5648.684417490923,4.314386051901989,13,1,1
CUST000462,36,73192.2699879519,34464.666671465275,4.0819973516233725,15,0,1
CUST000463,29,86090.58519534594,7865.030026812075,2.2082426998981592,17,0,1
CUST000464,35,155994.83667731774,37223.32913709936,7.423116474301393,15,0,1
CUST000465,26,219591.25449615356,19032.51530408477,4.996948952789921,17,0,1
CUST000466,45,209133.74337143853,43317.6393728684,12.67714507901079,13,0,2
CUST000467,33,656293.0102904742,89082.5278213913,18.2447039006869,7,1,2
CUST000468,48,22168.11966015324,27731.90069586089,6.290177192475074,9,0,0
CUST000469,21,171478.86452846284,50379.98297348513,7.519347430627437,9,0,1
CUST000470,49,97726.87671298656,24312.80873531711,2.922788430785612,13,1,0
CUST000471,57,20552.657005640616,12554.764411701904,3.417380276836348,14,2,0
CUST000472,18,280430.630564292,28057.941350633784,9.597411911032031,17,0,1
CUST000473,50,1836341.058315787,52309.87161473916,7.470643033017942,10,1,2
CUST000474,63,117729.05345506094,11049.63975159616,1.5711399626798428,8,1,0
CUST000475,26,297638.0342224787,75752.09564526811,8.315103110275373,23,0,2
CUST000476,70,84701.00451769099,4469.3759348548765,3.9084672021833,15,2,0
CUST000477,51,73328.60534112953,87469.6821776302,10.080211274991637,8,1,2
CUST000478,34,19387.560009700777,25120.343731435605,4.41558400033602,13,0,1
CUST000479,44,29561.452668557315,36092.77989922698,5.475473238523253,14,0,1
CUST000480,53,22325.989497444745,636.571383089468,0.3493148080778788,3,1,0
CUST000481,46,658190.2212792836,21406.43890988091,4.374433114854932,6,2,0
CUST000482,53,80045.89320094216,15762.997092311933,5.17545554890769,9,0,0
CUST000483,31,55074.65653958992,10853.543608528322,3.30093071519402,12,0,1
CUST000484,47,437033.9297253928,30582.027311694823,5.523356058832324,13,3,0
CUST000485,23,48753.85884158996,22539.11584031948,2.711601906172326,20,0,1
CUST000486,43,27809.58326380488,54753.924571329735,7.116418334970608,15,2,2
CUST000487,31,96137.75380251552,22268.755800352512,3.5240951254972983,22,0,1
CUST000488,33,251257.62836132807,31133.431910664207,5.317623959052497,17,0,1
CUST000489,63,247205.6294204789,40309.39660090312,8.318497671175443,10,1,0
CUST000490,61,230253.7938758036,108013.35769662938,11.073307539630411,11,0,2
CUST000491,54,129477.82575847382,21545.275282824943,3.5660753835418344,6,0,0
CUST000492,28,223356.9821687585,26282.710429045383,7.9991264413840515,14,0,1
CUST000493,40,146502.83894112307,14775.303456893516,4.8115217674269966,9,0,1
CUST000494,63,64128.233996232666,65940.75891287813,10.141335141133329,9,0,2
CUST000495,47,62697.648481358265,22065.8967388387,3.867513597874699,15,1,1
CUST000496,79,20461.724882962,1685.2214973299,1.5760335367842422,8,4,0
CUST000497,50,116876.04500881895,13000.553173574515,1.5347875066954204,14,0,1
CUST000498,47,37025.12660260393,15574.07099452453,2.122646341555326,10,0,0
CUST000499,40,1517430.1987708893,42127.6806211608,6.055904695331996,20,1,2
CUST000500,47,57532.51908622176,5857.252664764267,3.617763369330693,9,0,0
CUST000501,42,29404.63559798138,14184.0639126739,3.33076319853955,8,2,0
CUST000502,55,52355.893529546905,25204.209427218608,2.6760491652240863,6,1,0
CUST000503,59,100645.40186650016,32168.027633035264,3.670765121484258,9,1,0
CUST000504,33,574439.8155359072,15655.583902709504,4.385457118094768,15,0,1
CUST000505,25,33208.050155023615,11286.685790465412,4.67642249818957,18,0,1
CUST000506,18,18454.01302753252,43472.77558578433,8.622485598296057,15,0,1
CUST000507,52,338787.2957616762,52945.326862367714,12.598610799408297,10,1,2
CUST000508,28,37635.085751666185,25926.272410700338,3.631111574531295,16,0,1
CUST000509,18,58064.49570306746,61424.71804717805,6.3338077177602266,9,0,1
CUST000510,50,138828.1065283498,23528.48611795741,5.514041284411545,20,1,1
CUST000511,80,72600.77031582303,3512.767789284315,2.2517488861389063,11,3,0
CUST000512,44,119272.3075988414,43867.064163040974,4.831958822417914,7,0,0
CUST000513,57,60446.43610790151,4480.002761741339,3.339428921280857,10,2,0
CUST000514,46,81965.8038244347,43921.68715350185,4.587172599454424,10,0,1
CUST000515,43,59025.78415805318,38543.0649059573,5.520968158495537,13,0,1
CUST000516,58,69535.86610596246,38130.02227817245,4.02419059277806,12,1,0
CUST000517,40,66027.5378875243,9329.728394168586,3.335694652498278,12,0,1
CUST000518,49,138894.63225603604,4140.835230021874,3.0306966367080754,12,1,0
CUST000519,49,139224.01167083206,9264.962720326595,1.7176774194787827,8,1,0
CUST000520,34,159599.17272436048,15978.121359650668,3.160473028760221,17,0,1
CUST000521,59,188477.27170084135,25239.561414418586,6.33613707389591,12,1,0
CUST000522,42,18457.79293075604,28915.14726391941,3.00607370959237,11,0,1
CUST000523,33,113324.9193419514,21300.946217710138,2.5348451038589896,15,0,1
CUST000524,53,193426.8586575886,30200.09305636146,4.342688907240951,6,0,0
CUST000525,31,161345.84715580038,11666.521265180034,4.731477776602118,20,0,1
CUST000526,45,38949.199154743685,29807.84286940836,3.917491497356317,17,0,1
CUST000527,44,61951.5499225264,50716.55966557457,6.723559062228794,11,1,0
CUST000528,61,50582.67639014564,20305.1917144953,4.207794812270543,10,0,0
CUST000529,52,184277.96293289145,28651.771320861422,3.0732110265425785,12,0,0
CUST000530,44,252545.36199622904,8934.75263426166,3.5699014217421383,7,0,0
CUST000531,57,119509.6238447291,19865.53776711219,5.8324473793954,10,0,0
CUST000532,65,445331.66684770014,13767.079991694549,8.774323016108669,11,0,0
CUST000533,53,169358.07527349037,55081.03211553936,6.7509053012843365,7,0,0
CUST000534,45,52876.49672678851,7925.812244808117,1.201639045827944,11,1,0
CUST000535,25,96931.80323031129,19741.84142610675,5.148528674657877,17,0,1
CUST000536,29,164222.1936336951,4813.071548111255,1.9452074777215835,13,0,1
CUST000537,40,165831.0863789176,11478.209973124494,8.431615083158823,11,0,1
CUST000538,35,1457329.427556021,14580.295132276971,5.830461927380521,15,0,1
CUST000539,42,25534.23441908789,20902.996331293503,4.115118012970394,9,1,0
CUST000540,45,180934.13824552743,15119.936784758876,4.688944648991933,9,1,0
CUST000541,52,105811.1604202304,22980.749877272,6.899386538680804,15,1,0
CUST000542,43,62755.64071870275,68294.80498882786,7.69069420289765,16,1,2
CUST000543,52,177681.01154663798,51380.52529020391,9.116101132821935,12,1,2
CUST000544,45,103034.33771366376,51767.29389251113,6.844567129953673,18,0,1
CUST000545,18,1440553.2793483443,9671.607084709354,7.319220343270746,13,0,1
CUST000546,30,99608.35891262427,34107.56237035452,7.957027757147085,17,0,1
CUST000547,42,48344.70603775905,27178.34610773243,5.115900739510874,11,1,0
CUST000548,26,196673.7314839913,31383.861899348216,11.720228554342302,16,0,1
CUST000549,53,7520.289867819807,8512.3332067387,4.089078920169751,12,0,0
CUST000550,67,54613.873201393566,31730.493069607583,3.5923750275126856,14,0,0
CUST000551,63,182524.11330281929,98220.19404273642,10.388301681303334,11,0,2
CUST000552,41,238562.6045762194,6934.460955061689,4.056995313370144,9,0,0
CUST000553,67,396294.531939257,21857.631514270965,5.278131516283699,11,1,0
CUST000554,47,90465.2531588081,96946.53165110052,10.072816247429964,13,0,2
CUST000555,39,92704.5330220093,2296.895476780164,1.3136710358301578,7,0,0
CUST000556,35,27830.259234022564,29208.79279230244,4.299981106667861,14,0,1
CUST000557,40,19378.84808214296,41519.797927835054,4.258444159286185,16,0,1
CUST000558,39,122437.97907462018,28186.020932680265,2.874947318321396,13,0,1
CUST000559,47,41885.92720550839,61893.37148081618,11.809435917703835,13,0,2
CUST000560,47,71193.71096319854,5882.553010244565,2.386681073210148,5,3,0
CUST000561,45,55332.55830160173,22657.27268712084,8.038031635563092,10,1,0
CUST000562,51,155616.2460594219,39746.995562476426,4.41318841601029,16,0,1
CUST000563,62,906839.5677438236,96482.7199881216,10.481388247215042,12,0,2
CUST000564,59,21179.230385918585,22874.75468905465,3.535009862469188,11,2,0
CUST000565,22,18772.13179394537,58601.77565709804,7.422091763316936,16,0,1
CUST000566,18,105689.44356543818,54912.66013429588,7.169333689900767,15,0,1
CUST000567,59,60821.44964533566,25914.72367494845,3.7253097297601823,11,0,0
CUST000568,24,149015.63127592212,25253.97861599305,2.9902315744602745,12,0,1
CUST000569,41,57477.25554961637,13594.976322276483,1.896446067590259,7,0,0
CUST000570,27,97978.94442226608,31174.854367266977,5.369401126923525,17,0,1
CUST000571,18,259399.00088241763,27468.949711972484,8.768718004916291,14,0,1
CUST000572,53,508409.84425239335,81038.46883874737,10.53132416237838,5,2,2
CUST000573,56,16951.2763395424,25272.86335143014,4.803867646785895,9,0,0
CUST000574,36,41401.010220147655,15901.80294593212,4.352931330458346,10,0,1
CUST000575,18,185368.22399560755,49415.59244452669,6.0134461007431135,19,0,1
CUST000576,36,23909.3265828246,41151.92007702498,5.660182833261674,11,1,1
CUST000577,50,507186.8422717726,22375.539395296688,2.3712808861837598,17,1,1
CUST000578,22,79291.07481328353,18725.641947721637,7.523435852938664,8,0,1
CUST000579,47,86178.19109484265,17272.146191078795,2.524169874562844,14,2,0
CUST000580,44,156605.8166096798,12990.19725870587,4.06177824226328,9,0,0
CUST000581,53,59665.0604583644,51616.33776795906,5.6520961944686645,13,2,0
CUST000582,46,23616.896401719925,15890.051109539249,8.383062676048944,10,1,0
CUST000583,30,97502.78346697008,56812.05340688241,8.227125230289218,23,0,1
CUST000584,62,167617.61382461642,10760.026396340754,1.3251636951384678,13,2,0
CUST000585,42,42749.16205904789,22530.474172724225,5.371739269124523,11,0,1
CUST000586,44,25682.51524129961,28356.22687142624,2.9577040778027603,17,0,1
CUST000587,31,377740.5795015924,89728.61286992935,10.365369771866062,8,0,2
CUST000588,38,77420.87831532792,14417.245571909436,3.948237746713381,9,1,0
CUST000589,31,53922.56389611996,7058.182734579921,6.609590894806886,10,0,1
CUST000590,42,104289.00285222384,15132.026508276787,4.123263950029749,10,0,1
CUST000591,70,258822.399739196,10345.643791731129,2.929288374572338,6,0,0
CUST000592,24,972065.6670370754,57029.33717112113,6.329783952605575,14,0,2
CUST000593,20,273863.00763772253,98353.56286192538,10.13526840097901,17,0,2
CUST000594,67,477409.88484866096,13952.19752256307,8.538886264503557,11,1,0
CUST000595,41,36099.48221026477,22498.650226287675,4.292281130699475,10,0,1
CUST000596,34,42927.97861864448,28524.384005383563,4.806140141981354,11,0,1
CUST000597,60,191174.8318377277,10154.935951394353,5.530393511091583,14,0,0
CUST000598,35,199941.9201143224,25901.22535737758,5.890016326625157,17,0,1
CUST000599,72,20363.253543019997,8704.866898627932,2.258809087003067,12,0,0
CUST000600,55,75370.45081695158,15095.821173425642,2.5917765544320863,9,1,0
CUST000601,37,223151.9779067951,81535.60986022966,11.730530387720693,17,1,2
CUST000602,77,85853.13604552508,11103.599037646418,1.5145334506588748,5,3,0
CUST000603,35,99139.95854062316,16247.104760928189,7.283100066622083,18,1,1
CUST000604,56,200236.70325694483,80055.38771007344,9.626057295511735,8,0,2
CUST000605,49,46880.43040474958,29018.89632361424,4.083212801575623,9,4,0
CUST000606,64,64465.5362484239,29709.31083571741,3.30042056713389,15,1,0
CUST000607,68,23468.46458716771,12150.909716049651,2.4089711760779537,11,0,0
CUST000608,45,713488.9435797965,42594.23998614664,4.709143499291199,11,1,0
CUST000609,33,60684.91110132402,61199.99833166412,6.960899378624663,20,0,1
CUST000610,51,71726.2488481093,14040.8601046088,2.8390127896358144,9,1,0
CUST000611,34,59130.29338053914,16444.236308899934,3.7117743785520743,11,0,1
CUST000612,75,2819157.4853127683,66209.48955979293,7.047080160684837,12,1,2
CUST000613,47,61407.31577363317,69731.11686770819,9.376895034489417,14,0,2
CUST000614,39,77987.14270380358,23490.644582324847,2.511238181377053,15,2,0
CUST000615,47,163345.60335653677,23967.23159640624,2.932570324282564,11,1,0
CUST000616,24,327363.10753421497,45109.52027894996,6.957397878027404,16,0,1
CUST000617,30,390125.1199699939,14506.81413992938,7.101870923863004,13,0,1
CUST000618,63,547475.8422075203,10566.579349631456,2.9162651095848084,9,1,0
CUST000619,35,297976.5121607852,82491.25830018045,8.487120243733159,15,0,2
CUST000620,29,20826.243976842245,14473.911433425168,3.7353968167617104,14,0,1
CUST000621,53,92614.59813339724,4933.772745901859,2.682427717970111,9,0,0
CUST000622,62,203642.87060537943,45517.21981652011,6.177706584539282,6,0,0
CUST000623,55,1184127.4987457492,60871.69188730009,8.003074604578684,12,0,2
CUST000624,59,29594.43755268996,11067.335978270989,3.100858918361921,8,0,0
CUST000625,33,597905.978446543,52226.3943494426,14.19562805056425,18,0,2
CUST000626,23,129017.20343953306,33602.98358107719,6.437307708860483,20,0,1
CUST000627,67,138389.9266546348,1370.174108562977,1.1455342203580432,9,0,0
CUST000628,40,108136.81002389498,44107.21599515231,5.442709977744936,12,0,1
CUST000629,41,33521.142372523034,21303.29375673996,5.527868289002337,21,0,1
CUST000630,64,228355.6233456205,23673.525153313647,2.7261498420760675,13,2,0
CUST000631,53,115200.6911861406,12725.277595561667,1.5473957155531406,7,2,0
CUST000632,51,395674.7038027092,55102.91346786352,7.92549095973919,18,1,2
CUST000633,77,147707.03481958824,20732.405876333283,5.283657658857643,2,1,0
CUST000634,35,82163.68610497135,29576.751457156133,5.237744301173859,13,1,1
CUST000635,58,22674.57813316724,7556.452099872409,1.5102443285856928,10,1,0
CUST000636,45,135859.05515052978,16609.435362201435,4.101158971029153,13,0,1
CUST000637,49,182962.5311423661,31704.7904365813,3.672414948877668,16,4,0
CUST000638,67,56982.99101330362,28087.6352593752,5.248491279387568,10,1,0
CUST000639,52,34941.353707178714,32023.2690286704,3.769879253795364,10,0,0
CUST000640,53,37542.96119345342,4189.334792740751,2.1517243843167084,9,0,0
CUST000641,61,13588.995204403129,6467.1668164794655,2.8499475542447623,6,1,0
CUST000642,39,47576.978025629134,54079.65532142981,5.520651555718112,18,1,1
CUST000643,32,48168.49111974765,53012.15113855868,8.428117285022948,18,0,1
CUST000644,29,59455.65955869628,9346.45401371114,1.6726156069790452,23,0,1
CUST000645,18,37185.22433780135,25922.8315655379,4.5411692978992,16,0,1
CUST000646,75,35298.910125088114,9240.096025803256,3.1456513802849075,13,2,0
CUST000647,28,678782.0299143627,42158.4408188013,5.64495804478193,14,0,1
CUST000648,41,377123.27257157565,8846.034925903843,5.0175305780171575,14,1,1
CUST000649,40,54947.18658851526,9327.37585398013,1.5142056748451445,20,1,1
CUST000650,49,141521.66042456674,32400.484658762387,5.2796010123431465,12,0,1
CUST000651,57,136343.15671829288,18697.23108761051,2.0262080001333045,5,1,0
CUST000652,57,197024.99045445933,33991.76349265151,5.926406144104233,16,0,1
CUST000653,36,79221.83719902384,20585.871175295048,9.216601245477682,14,0,1
CUST000654,42,446144.20835398615,27159.16328293791,4.412694885142149,14,0,1
CUST000655,49,45001.85365604163,4008.255593626895,2.1999825654778564,10,0,0
CUST000656,41,39356.96847333972,28736.01261929123,10.139219238762948,9,1,0
CUST000657,69,222331.15180647105,3292.887584738167,2.5726141343239792,7,1,0
CUST000658,52,391815.0080030612,21069.274530690454,3.749219900995701,13,0,1
CUST000659,56,1592883.0226562778,10717.800146103487,6.086914744391618,12,0,2
CUST000660,54,27058.05016164549,14300.370301106444,2.737149022371806,7,1,0
CUST000661,62,180662.29484553655,32714.398264171512,3.4815494864661605,9,1,0
CUST000662,47,99358.4689649431,97315.90557266289,13.013883698078535,13,1,2
CUST000663,25,131053.21099662063,9871.56293521168,5.818078298479441,14,0,1
CUST000664,50,13759.853281774487,4313.87705766636,1.4294356234271903,25,1,1
CUST000665,35,22017.53562631027,40331.200669925856,5.71023912229106,14,0,1
CUST000666,37,49608.22084071888,22511.434220906103,2.486814684522794,13,0,1
CUST000667,53,97190.58793117838,7798.970829149408,6.016483594248767,8,0,0
CUST000668,63,31537.06290943658,18680.17004442054,2.247357409302709,9,0,0
CUST000669,45,150454.89366483918,56312.71547260375,9.298166163167627,14,1,2
CUST000670,49,300944.54267759115,38015.44243552077,6.427149101090839,9,1,0
CUST000671,70,109051.7196901385,19664.555826830678,2.044064916446425,11,0,0
CUST000672,48,755457.1725536265,63883.53175218386,8.265645280405282,6,0,2
CUST000673,80,90746.6311800684,28147.5038254688,3.253644281633464,6,0,0
CUST000674,53,35463.18766364573,21167.71859065472,5.05683713030913,11,3,0
CUST000675,18,585175.5960796825,78948.64332088562,13.181666444693365,17,0,2
CUST000676,56,81726.57442079062,72620.81405573702,11.106390749419685,13,2,2
CUST000677,50,148808.94289642456,14810.82586546076,3.803249685385009,8,1,0
CUST000678,64,288870.6290592108,17267.95564127749,2.815932677479636,13,4,0
CUST000679,55,170156.6352483171,10108.64548823646,3.2297040181130843,11,1,0
CUST000680,42,24140.056900121814,13537.839699043749,5.910736888270944,14,1,1
CUST000681,26,35855.52475186521,26017.916098655416,5.959576563829504,12,0,1
CUST000682,41,224750.11564542732,38026.82930517363,4.9684849249286565,15,0,1
CUST000683,32,75837.06395191804,59714.72351480367,6.458659128544076,13,0,1
CUST000684,36,162083.07101295755,8641.811731653646,1.688042946469505,17,1,1
CUST000685,53,255754.06975903185,29363.91623537096,4.327505988767732,17,1,1
CUST000686,70,216232.5065558238,6287.508884259775,3.262282666648459,7,2,0
CUST000687,50,142427.229387283,60965.80882299157,6.670092930081129,7,0,2
CUST000688,27,121494.2676304812,24483.317187087458,4.002217513073692,19,0,1
CUST000689,51,131392.43918600254,102861.12143330784,12.820709758310556,13,0,2
CUST000690,62,141195.2305210631,28545.73253939877,3.502556415337545,9,1,0
CUST000691,35,312444.4023142604,37576.48241463783,11.35816021650817,12,0,2
CUST000692,42,83323.56358173772,42352.683395078166,7.349617066192502,9,0,1
CUST000693,45,176682.97660297735,50182.22225651574,5.203294155609474,14,0,1
CUST000694,33,131565.0410076038,20331.69280815552,11.253428963114736,17,0,1
CUST000695,54,51097.201331367134,29792.587661289053,4.168282602419524,8,3,0
CUST000696,43,50453.9322371863,33895.82786927729,3.508748045109784,10,0,1
CUST000697,51,22499.74295016708,14468.734974101128,3.904987183273579,17,1,1
CUST000698,31,68395.00615424609,30926.951746896408,3.533284723076957,13,0,1
CUST000699,38,205607.49749963864,42482.35400989724,4.517996905057113,14,0,1
CUST000700,55,80299.3742809685,3801.7035764440056,0.4922079088347102,15,0,0
CUST000701,39,108438.76005139091,16429.44500684557,5.330852012972938,16,0,1
CUST000702,70,55887.57258295805,11432.803136843251,2.853915295459649,11,0,0
CUST000703,39,46151.78690710082,5207.297405157857,3.938109199266489,15,0,1
CUST000704,48,26452.500470758663,37837.95368925489,4.460403257661835,12,1,0
CUST000705,58,48024.26921906213,13278.153979818058,1.5356679509297655,12,1,0
CUST000706,23,73995.5124887217,63453.72449605395,9.478637792769549,10,0,2
CUST000707,18,256935.0673965401,44813.680399248224,10.739601772535554,16,0,1
CUST000708,22,149705.9167710419,8600.216130669509,5.084976024780071,22,0,1
CUST000709,63,18062.76425979716,15993.448528115665,2.056369078421884,12,1,0
CUST000710,36,354103.8195214867,35771.44583433404,4.745019199004611,16,0,1
CUST000711,80,184719.50644133863,71624.408940251,7.773919780546561,7,2,0
CUST000712,36,182532.6333783587,100707.1494409194,13.295044947464444,12,0,2
CUST000713,47,59326.87264162405,47098.6623076246,5.568366666893322,7,0,0
CUST000714,68,46379.221121030125,29138.35978433842,3.7775347000674167,5,0,0
CUST000715,75,133999.18604865682,15726.442162282312,2.3556032196811296,8,1,0
CUST000716,75,240837.85080746267,11184.892964292372,2.309641032519256,10,2,0
CUST000717,63,13567.989350348713,28092.236598205905,3.0806080456987086,9,3,0
CUST000718,60,52402.22183083676,21740.624093430888,3.169779949652852,8,2,0
CUST000719,53,46399.92072019552,25058.76419835377,5.465143437093711,7,0,0
CUST000720,56,77355.78210486122,7281.409085279536,4.157897854840535,6,2,0
CUST000721,36,592391.6668978146,55916.95994129928,15.46229134491734,5,0,2
CUST000722,32,35976.57998888698,42710.94580197831,7.247077538474822,13,0,1
CUST000723,44,109168.7841341875,24468.249372679507,7.029655103305911,13,0,1
CUST000724,42,53794.74137758743,3710.699238728949,1.2405726139490316,13,0,1
CUST000725,38,67155.3010180221,82169.3209592069,14.29891686090465,12,0,2
CUST000726,55,105778.67692704684,29274.013275648394,11.578155669692231,12,2,0
CUST000727,59,323544.826922291,26415.54795521912,3.2199590818376778,9,0,0
CUST000728,46,27133.61839167828,36097.77966490606,6.735523233310201,11,1,0
CUST000729,67,229602.56776880604,44774.28889972159,7.262935269893145,13,2,0
CUST000730,27,19651.018241953487,12751.29741815815,5.481012126138846,14,0,1
CUST000731,42,85387.30671637744,56794.61810669313,14.484037054950592,13,0,2
CUST000732,34,129200.79046345552,69253.15851875157,14.76359106520556,11,0,2
CUST000733,18,575299.6634293478,58405.41488197245,7.058981332469257,22,0,1
CUST000734,43,113719.30191560731,82064.94240956403,10.3467953890257,13,0,2
CUST000735,43,16564.99906721228,32608.873174137545,10.84505213104565,12,2,2
CUST000736,67,10545.719875762314,17319.214965121057,2.645927633308017,11,3,0
CUST000737,54,154866.74527243816,23717.87758403059,7.432491592813744,8,1,0
CUST000738,29,331831.684338051,63863.64368141168,6.454638695438049,15,0,1
CUST000739,72,217890.2096610677,48107.26799364309,5.027347720285709,10,1,0
CUST000740,63,70796.87255831403,17350.608060106053,2.858710602583629,10,4,0
CUST000741,53,248854.5484438424,20934.53437012767,2.8716297307826366,10,1,0
CUST000742,41,45377.56249675975,38546.372268340216,4.693408774714264,20,0,1
CUST000743,30,190474.73126912751,32592.35293398096,4.3520382985988455,17,0,1
CUST000744,39,23415.0040722408,39879.26610367164,5.464067191040593,9,0,1
CUST000745,61,60557.15440240399,23320.36395784632,2.422395107309208,11,0,0
CUST000746,73,17689.831641824527,17326.18416888209,2.7207755347176787,11,3,0
CUST000747,68,90971.53004403286,21950.134904590403,3.263124033820095,12,0,0
CUST000748,37,142918.45682541025,70395.9716303546,8.144459227806804,15,0,2
CUST000749,28,167777.20610043395,66752.03613121722,9.496637784778336,21,0,2
CUST000750,47,159241.00443288183,23070.120075296687,3.036983244376873,10,0,0
CUST000751,18,23681.434582360216,19883.482128004744,6.398508714459663,19,0,1
CUST000752,49,148504.63431626657,44274.677454895405,10.198243383517308,16,0,2
CUST000753,42,20090.823339091923,12253.306456297898,5.26862563779863,14,0,1
CUST000754,38,468071.4132588558,36149.78037336008,6.511257789373617,12,0,1
CUST000755,21,44195.308818368096,30044.71463794614,5.889334540605854,19,0,1
CUST000756,52,73442.71999050379,46348.77337132104,4.646742641815462,9,1,0
CUST000757,37,733241.9881719111,64232.94804148907,9.88065754705949,14,0,2
CUST000758,27,31117.950910708547,53043.03389156802,6.566354482360538,13,0,1
CUST000759,18,34968.381654269266,8280.697414792608,2.067005615064047,19,0,1
CUST000760,44,50014.60826336338,46882.7666943064,5.526081470155642,12,1,0
CUST000761,71,139863.09778181202,63037.99423013763,9.645083190598095,11,1,2
CUST000762,69,230480.6895403416,702.1039862497704,0.0965365940852591,9,0,0
CUST000763,38,313629.05090804567,31696.06191014192,8.684145218242735,16,0,1
CUST000764,35,1567735.0588644303,41429.56499698194,6.9773224232553295,14,0,2
CUST000765,52,9471.406093754493,25179.015958506818,3.754513361754847,20,0,1
CUST000766,30,275137.5190692888,52809.24136750801,8.37995571419721,9,0,2
CUST000767,49,85747.32415072418,78690.83037804962,8.519326232881575,12,0,2
CUST000768,56,43301.7840655192,28864.78177090627,3.1773821335963794,12,0,0
CUST000769,63,32216.301840039025,33027.75731514849,3.391338320294298,11,1,0
CUST000770,43,31369.601367467087,22148.07774933288,3.1609169964549744,11,0,1
CUST000771,41,968144.9756437242,125221.46691433198,12.846880935042378,10,0,2
CUST000772,31,417028.4048811345,131937.50012581685,15.536129087420017,16,0,2
CUST000773,32,61279.21403651738,15944.98290088486,4.63855496866122,15,0,1
CUST000774,41,577986.9007648753,19213.668308557262,3.964097662339174,10,0,1
CUST000775,50,39580.16244507114,19891.40641498858,6.323701854997136,11,0,0
CUST000776,58,23736.28043790564,3461.036239595062,3.3350563294517315,12,1,0
CUST000777,32,8816.6435992504,15860.769666981005,5.8908561987302885,21,0,1
CUST000778,67,38675.04056634236,1948.6049262687736,1.8799033388049455,11,2,0
CUST000779,40,175956.00278253786,46598.93813492139,6.231015652888258,15,0,1
CUST000780,44,199081.7586064204,50021.00471167605,10.356725914234296,8,0,2
CUST000781,33,69518.06397286276,25439.516312928947,6.671483134156742,16,0,1
CUST000782,18,36506.07269028452,66105.96372615945,8.415258677635336,20,0,1
CUST000783,58,173775.41169306924,14268.622016141118,1.6801674423105657,13,4,0
CUST000784,56,136955.89013387455,83701.91580989586,8.560494937906068,16,2,2
CUST000785,40,162010.8433013492,40058.347576649954,5.909947626759684,4,0,0
CUST000786,46,22550.861637377624,38667.98239090954,7.502867360462774,10,2,0
CUST000787,52,204389.2597490213,39390.11260172856,10.51137757965622,13,2,2
CUST000788,21,27383.608082465777,15540.527418837712,5.17868454722256,19,0,1
CUST000789,37,40242.41216553783,18264.739870263897,6.262911813726347,8,0,1
CUST000790,56,102167.09096020654,18430.665189940893,3.9359019327088087,7,0,0
CUST000791,26,131168.86092554047,53500.02299441374,5.3898455481885525,17,0,1
CUST000792,49,51103.445512644124,3895.700901922745,3.865997373466123,14,0,1
CUST000793,24,60250.92212315535,6192.22774469808,2.23155157305825,12,0,1
CUST000794,51,23300.995166690835,18901.616326598927,7.012189941041162,13,0,1
CUST000795,44,189144.65958348295,19981.108625688565,2.680561657139481,20,0,1
CUST000796,20,97524.91483036606,10464.068859729674,2.507948132116692,14,0,1
CUST000797,62,274859.42176516075,15911.341609406005,3.11051055945134,8,1,0
CUST000798,33,63656.38911432089,6977.190428840511,2.984744681789617,14,0,1
CUST000799,32,46110.14528639074,22289.568527831365,4.7986429305018685,17,0,1
CUST000800,48,69710.3406565836,20167.255528242094,10.455865423282605,18,1,1
CUST000801,62,431397.93248766486,55117.080815916845,9.507223889439484,9,1,2
CUST000802,29,44180.28601365633,12597.698687295906,6.695756057675797,21,0,1
CUST000803,45,285182.94462795195,60541.63832705958,7.460851013728687,16,1,2
CUST000804,51,61267.98453929354,24570.611291716465,4.028355087705306,12,0,0
CUST000805,55,8300.215025271884,32782.167260875154,4.361818576346236,11,0,0
CUST000806,47,84624.29371195959,11745.714141255448,2.464145752512319,10,0,0
CUST000807,39,18414.465176464848,24776.01791109273,5.588464154218145,13,0,1
CUST000808,32,123877.67976854816,3850.0731184313336,2.0436933963356902,14,0,1
CUST000809,46,23669.830198774314,43590.49096533811,7.627782286162902,6,1,0
CUST000810,28,151142.00445311697,24069.28403325685,4.274789227330942,8,0,1
CUST000811,18,109324.00994917064,27033.56720334276,5.185879603084116,12,0,1
CUST000812,51,150394.3756582549,41908.28632113073,5.467725566408377,11,2,0
CUST000813,58,288422.8379357257,45738.154247606864,5.385686308255613,5,1,0
CUST000814,18,470955.6573175613,165908.53439865864,21.38793918976172,14,0,2
CUST000815,29,105628.96613192045,15947.762146471105,6.949546771019061,17,0,1
CUST000816,54,27689.25471390108,9536.284677619433,1.4452122833752858,18,0,1
CUST000817,75,25395.34366084034,15177.558538805131,8.809268381507506,11,3,0
CUST000818,45,75375.75682981478,91058.52069073755,12.557023735480866,9,1,2
CUST000819,34,80747.19351318046,37800.061430246606,8.520144144812972,11,0,1
CUST000820,42,119951.66127421171,10830.435757508269,4.939786617972515,10,1,0
CUST000821,65,127193.5737183894,56589.66870517193,6.461145393505206,13,2,0
CUST000822,35,178688.27391420025,55457.94504620664,8.49790181844917,15,0,2
CUST000823,33,42166.48512754837,13857.12023881048,3.3051970333553444,12,0,1
CUST000824,37,73520.76024373843,6282.6161160913,4.921579734182852,14,0,1
CUST000825,30,391262.7561005228,24181.82717681212,4.143709338014391,14,0,1
CUST000826,46,151692.6751179018,16686.368131752675,1.7924921202420048,13,1,0
CUST000827,69,169155.67892949062,72891.64303312184,11.447597342334168,5,0,2
CUST000828,49,65591.58823759192,20813.66781550182,2.135862141854092,6,0,0
CUST000829,41,31785.598959466155,10787.88795868283,4.841829953728241,15,0,1
CUST000830,40,46035.74375797446,8357.261193734475,1.3667389085153965,13,0,1
CUST000831,21,104569.31405364448,74957.85815357845,9.160052448900114,20,0,2
CUST000832,58,254947.5251667153,24109.187757289397,4.207635102864178,17,1,0
CUST000833,43,95918.95635447532,5304.058297996799,2.9149628756658887,18,0,1
CUST000834,42,38813.27718218186,67865.89619332291,10.865542514589508,15,0,2
CUST000835,80,701738.7576309169,14513.818082332842,2.230958908111917,4,1,0
CUST000836,49,247354.41849145148,89632.35242855179,11.858667340171507,15,1,2
CUST000837,33,21993.92829360908,58817.52682772204,7.491816171880033,14,0,1
CUST000838,38,69281.81477353093,27941.17131938218,3.5203896402567785,16,0,1
CUST000839,62,86964.09813011363,24428.868875081826,3.504356688774421,9,3,0
CUST000840,46,428033.33530811314,13264.489038038191,4.508203100473351,6,1,0
CUST000841,23,59308.02059597125,61922.70606130848,13.350814984460513,18,0,2
CUST000842,58,158901.64729800663,28911.984573929843,3.620710074591743,7,0,0
CUST000843,34,242676.95315136813,49487.01779797503,5.165205041938257,21,0,1
CUST000844,73,31931.418017772376,4400.348030100624,2.572516618733564,3,1,0
CUST000845,61,45364.556311422086,21003.94734183346,3.609031016421385,10,1,0
CUST000846,38,21241.04667501076,26643.95118786124,6.988209956104644,11,0,1
CUST000847,64,73277.13976740031,12577.032366949696,4.152829878399648,11,1,0
CUST000848,46,115445.88906429106,29860.856537260734,5.37810947426486,12,2,0
CUST000849,57,150544.53944578068,30374.2596478579,4.705682673237944,13,2,0
CUST000850,52,320606.60980298766,3981.9607375252895,3.660058306505585,8,1,0
CUST000851,32,51005.59442409106,44319.977682093806,5.524901005415879,18,0,1
CUST000852,35,12558.337214556974,22524.01303261581,2.688170011162085,9,0,1
CUST000853,60,175846.63628364203,102251.0410524783,10.55266143768748,11,1,2
CUST000854,39,200752.53549529443,0.0,0.0,12,0,1
CUST000855,38,76835.16467261114,28196.078232364987,4.439646958102818,16,0,1
CUST000856,30,64782.569735832425,35241.16686302843,7.281791954300548,11,0,1
CUST000857,51,101744.21104422792,7204.499793940568,1.7950886648656403,12,0,0
CUST000858,75,681284.6869085548,38855.72377833056,6.379515818757072,3,2,0
CUST000859,28,219262.495545601,59687.428645405686,7.42247289795757,18,0,1
CUST000860,45,41218.05118724239,4374.723706322044,3.623034449178923,14,0,1
CUST000861,66,47200.81542470197,42893.31322483478,4.41080442961848,10,1,0
CUST000862,43,90938.09754103947,38913.38874310597,4.694619051040161,15,0,1
CUST000863,51,461485.1108720359,5709.4515997878825,0.7357177287427069,10,0,0
CUST000864,29,64800.17318477157,24139.27395012441,3.0776204097421718,20,0,1
CUST000865,51,117401.25027710592,24718.128330807947,5.49103046112424,9,0,0
CUST000866,42,66534.31402688606,40299.27663610676,5.190139184019676,9,0,1
CUST000867,59,449222.7244661685,54061.121342613485,12.064705025968967,17,1,2
CUST000868,62,1062492.3572929918,103396.48395843328,11.376801455716167,9,2,2
CUST000869,80,122146.60882264149,5599.37701549195,2.1577548698532083,7,2,0
CUST000870,53,65040.98598549874,27977.782094571365,7.704986219807012,12,2,0
CUST000871,49,186352.4629921025,48765.38071249127,8.179314130320192,13,0,2
CUST000872,47,5517.572131208937,9883.523787203922,2.551970232881018,7,1,0
CUST000873,39,315351.00409718207,32732.24671889735,6.793550888085499,16,1,1
CUST000874,50,171177.64362669853,4228.5491070703365,0.7784796630738597,13,1,0
CUST000875,40,275668.5009563201,128737.99562559968,14.785268429697414,17,2,2
CUST000876,47,73484.40881920268,77607.9606644331,13.594609803625628,7,1,2
CUST000877,64,61145.29701302369,8351.789294852735,1.959530180766416,13,3,0
CUST000878,29,119084.35090963866,29645.85446101419,9.1793474749371,9,0,1
CUST000879,62,249468.53953652468,16513.758692676678,3.530026259993105,13,1,0
CUST000880,64,40996.42568193982,11465.666017625414,2.032333971172409,7,1,0
CUST000881,43,961074.7828529034,9999.628520560256,1.296122465588179,11,1,0
CUST000882,18,165818.49805019083,10716.312511831453,5.128798967539718,12,0,1
CUST000883,35,41798.1797903134,24794.01177358409,8.279898168054862,10,0,1
CUST000884,64,68447.20322429026,12311.17421028932,2.7872971618948164,4,1,0
CUST000885,44,78011.8182108196,39746.031077479965,9.366143255347318,11,1,2
CUST000886,30,13343.23389146359,35567.91192287554,7.859039317051984,10,0,1
CUST000887,37,592803.4191081827,33268.96639134965,4.086247541373389,13,1,1
CUST000888,57,362853.6380183149,30546.60384918799,7.797693556266379,11,1,0
CUST000889,53,204097.78545789016,27416.48836404652,4.969380606567202,13,2,0
CUST000890,41,91836.75931873253,35962.504453488815,5.436374409192693,15,0,1
CUST000891,39,15032.689837529038,10602.756139863644,3.431749185504928,14,0,1
CUST000892,39,36915.35471614138,35290.556170344265,4.725406364067545,10,1,0
CUST000893,31,180618.9855409944,35746.19060141832,6.034128843934725,12,0,1
CUST000894,69,41853.35126705786,8402.24946421396,1.6734113682368512,10,3,0
CUST000895,40,11902.710373246062,112292.7227472321,13.54874043886743,10,0,2
CUST000896,63,119274.7249174489,33627.29528474468,10.536658265973816,8,2,0
CUST000897,67,103921.348390277,20038.535622743708,2.239296878139938,10,0,0
CUST000898,59,102850.16758822252,23139.171836213514,3.8250114260543993,11,0,0
CUST000899,38,186089.6361920662,37480.893947704615,5.781791992274698,15,0,1
CUST000900,51,283196.5742363175,54814.02837544228,6.175859266001142,9,0,2
CUST000901,44,193892.76686746773,85728.43471936407,10.256751629167043,16,0,2
CUST000902,31,197902.8213806804,33822.90985684465,5.273246140058488,10,0,1
CUST000903,49,23595.63188086945,13005.755059793782,1.6719725522251427,11,0,0
CUST000904,27,247922.7652878097,59738.029703067456,12.191744621831658,18,0,2
CUST000905,62,112031.83638663178,11282.717322541386,1.9038063138713912,10,1,0
CUST000906,38,17334.21744296812,9863.226108849343,6.328133247058168,13,2,0
CUST000907,48,33303.57818476314,10849.483671741224,5.998427673560845,9,1,0
CUST000908,49,70993.85517155542,64141.69043825177,7.57743519493789,12,1,2
CUST000909,41,46347.54789952295,10594.32247629192,6.892656465934904,15,0,1
CUST000910,53,127187.73006756286,11649.54794908682,4.614427735654422,8,0,0
CUST000911,37,32385.342787060905,21566.7660479795,2.642178509591345,14,0,1
CUST000912,58,50858.30248950063,2160.5758845109463,2.1385201380493197,9,0,0
CUST000913,24,81198.90129265524,28541.913167567334,8.058956176235405,20,0,1
CUST000914,46,274882.0683380393,30424.63282541971,4.863002060039198,9,1,0
CUST000915,74,90990.32693988462,20357.19803624253,3.201295792724701,6,2,0
CUST000916,29,100097.11615050431,26756.64418610294,3.346933344581004,20,0,1
CUST000917,34,53637.00503538918,14210.753147669808,2.5589577876204306,12,0,1
CUST000918,52,283346.1570056181,24233.16087870483,4.339270111933901,9,1,0
CUST000919,47,28305.97730151188,28967.80115418068,3.8481122907883303,11,0,1
CUST000920,50,223129.65430753696,40891.25093950762,7.45154541991638,15,1,1
CUST000921,52,133023.75015073453,25627.85174513129,3.9571017042384034,9,0,0
CUST000922,54,127499.9625555746,119086.74578909074,13.115328596208832,15,0,2
CUST000923,61,949095.5546947854,8464.366620560559,1.8348706346160104,5,0,0
CUST000924,51,41668.79018515268,6539.852973912142,1.4643235554925027,13,0,0
CUST000925,41,54648.57973577103,2534.7033164572254,2.456248464104549,16,0,1
CUST000926,55,34916.54069732571,36084.31738857933,5.533694672180199,17,0,1
CUST000927,73,201758.40283480132,6152.023624923024,4.85195581225063,6,2,0
CUST000928,43,648447.3643464409,16551.141437216458,2.989007750122417,13,1,0
CUST000929,30,636073.8563805236,33602.138709096034,4.078867940480885,18,0,1
CUST000930,61,407214.7366259637,10927.692942713327,1.8368063439067503,14,0,0
CUST000931,43,147412.7598109154,8208.69805467937,2.3954933320280123,14,1,0
CUST000932,18,74797.94478227307,58218.349266366975,7.2092422030196515,17,0,1
CUST000933,57,20264.318162020365,13626.215341490146,3.9756096423247578,6,0,0
CUST000934,36,687858.6486681224,35857.04311797429,4.719717407426885,21,0,1
CUST000935,43,191400.86143733904,12425.673468706756,1.9139016253357188,19,0,1
CUST000936,49,109826.30856768983,33935.6058514946,13.413459649124862,7,1,2
CUST000937,47,677841.7805407455,60628.87166651569,6.628855629675749,16,0,2
CUST000938,55,45269.22242063527,12767.592348209262,4.550439637224714,11,3,0
CUST000939,38,89915.17763835148,19055.796748490877,1.923607014349707,11,0,1
CUST000940,52,100762.14780315732,3839.823491370907,3.602780704192741,12,2,0
CUST000941,41,283500.1331329104,33502.096890159024,9.93729306420936,13,1,2
CUST000942,56,112372.40075135,11710.138968094336,4.184071322718896,9,0,0
CUST000943,54,28063.33753680344,4543.24476115905,4.03506578571967,12,1,0
CUST000944,30,96861.89506709868,45464.70367411954,5.9890449840975455,13,0,1
CUST000945,61,222176.72580348817,13684.316815004931,1.8898817706745132,10,0,0
CUST000946,36,116300.2833303126,41233.597582874645,5.071060498226561,16,0,1
CUST000947,57,389931.9088838279,25264.68057140659,7.63217243576241,11,1,0
CUST000948,50,52615.24818686573,43698.16585960076,8.741352589424194,17,1,1
CUST000949,72,116644.53039113274,20684.601308832134,2.983920452090251,8,0,0
CUST000950,41,64128.02311602463,10826.509438177309,2.183681262434152,15,0,1
CUST000951,39,126371.44686289298,15654.927533093563,2.151604451161668,16,0,1
CUST000952,44,80326.5778190228,3295.604560303626,0.4914587202785715,15,2,0
CUST000953,40,179071.20238996085,12133.200414386603,5.971562117721536,14,0,1
CUST000954,56,444187.1039904832,79088.39858272317,9.849866228816188,17,1,2
CUST000955,20,298913.4384645444,110132.48023407652,14.71162128137733,15,0,2
CUST000956,29,118016.95061392794,39135.26658351697,5.669715724172132,14,0,1
CUST000957,28,28685.642233362923,1793.136651470722,0.7484367958550538,8,0,1
CUST000958,59,107473.60421734586,7138.079734527352,2.092071101664922,19,0,1
CUST000959,70,70266.94573570567,14543.915376657971,3.204498501111734,5,2,0
CUST000960,43,63665.69467784183,16139.11599358908,4.585801324857724,9,0,0
CUST000961,42,102925.07559697868,24450.920772569916,8.015926289704886,20,1,1
CUST000962,46,22473.102423217817,39754.60855413476,4.819780900885855,15,2,0
CUST000963,62,10993.128506223837,23036.775766849536,3.4158463224519338,16,0,0
CUST000964,31,46042.58738002912,31597.87834899589,5.189125521791696,21,0,1
CUST000965,48,145295.7548211247,9258.265369802371,3.0519328541554938,8,0,0
CUST000966,59,20215.1422527506,45798.954798552186,4.944455600292658,13,0,0
CUST000967,52,121641.00660439124,8782.23955950125,3.2279962904586013,10,1,0
CUST000968,47,1001049.1481921772,31657.9939196656,3.88224504437152,16,0,1
CUST000969,60,333101.9025495241,23479.964119237786,2.42060138205378,9,2,0
CUST000970,18,402683.3393362662,36357.02584439636,4.819435731349165,17,0,1
CUST000971,55,177065.51025095044,52073.19712339952,5.241004182553271,7,0,0
CUST000972,35,481085.6283976185,64063.115043868165,9.339381605947787,19,0,2
CUST000973,18,29028.554705247054,15326.95541709759,5.183027989516947,31,0,1
CUST000974,52,62868.90180654445,5532.941950133338,1.9520850573703012,7,0,0
CUST000975,65,5804.129360799814,16747.425937640273,4.271127366778449,7,3,0
CUST000976,42,490135.0311586325,6922.563692272497,6.505128417837683,19,0,1
CUST000977,59,838136.5121197854,48633.54640924314,6.815920880606607,15,0,2
CUST000978,69,61982.627277130974,16597.253080871524,4.855823353795874,12,0,0
CUST000979,64,139338.37163862865,66219.13079160044,7.943135193970163,9,0,2
CUST000980,69,42260.2832801742,4501.448262962861,1.0635300617874872,7,1,0
CUST000981,56,131678.5046075835,5751.160879073548,1.0811248501983413,11,2,0
CUST000982,46,239736.77024678685,39655.98868962626,4.091958443799666,9,0,0
CUST000983,20,13624.05542586799,9004.38974379979,2.8319706472754294,18,0,1
CUST000984,41,225421.95095550088,83968.53427702081,11.208826421573471,13,2,2
CUST000985,32,136208.2872391556,77692.97176370941,9.965671214662718,15,0,2
CUST000986,77,120714.2011641961,8444.798329022547,2.8253078551652946,5,2,0
CUST000987,42,142124.55639013936,17387.041333079498,3.1561320003094586,15,0,1
CUST000988,46,49602.55191194781,29583.87625861574,7.125524540881665,13,0,1
CUST000989,53,53982.38920887251,65385.97730191195,8.227594341136108,13,0,2
CUST000990,45,48345.32630701853,24933.1534673088,3.7764059696135854,14,2,0
CUST000991,70,236991.9160155389,18090.029138752205,3.423647098098001,14,2,0
CUST000992,35,227533.0296254598,79102.32871607465,9.870185903644389,13,0,2
CUST000993,47,134372.38304217937,11589.642169303232,3.7189198066878255,18,1,1
CUST000994,33,25197.83575355353,25182.7971037813,3.235783292598374,19,0,1
CUST000995,25,82007.61906417528,26115.22872489339,2.9715672262909982,13,0,1
CUST000996,35,147070.76733161075,23091.73762372065,2.592365195501504,5,0,0
CUST000997,44,62174.2728335751,40241.2559319566,4.99701284394453,13,0,1
CUST000998,38,173684.65002209367,17024.293336854047,3.643798960105311,10,0,1
CUST000999,34,1050864.8912176609,0.0,0.0,15,0,1
